{"loss": [5.1509809494018555, 4.485273838043213, 3.70170259475708, 3.171957015991211, 2.755875825881958, 2.353156805038452, 1.9653416872024536, 1.7736278772354126, 1.525232195854187, 1.4084635972976685, 1.232062816619873, 1.1450765132904053, 1.0699279308319092, 0.9630910754203796, 0.8105258941650391, 0.7943297028541565, 0.7283708453178406, 0.6994826793670654, 0.6403639912605286, 0.6370221376419067, 0.5767975449562073, 0.5630357265472412, 0.49783551692962646, 0.5446462035179138, 0.4630238711833954, 0.45378267765045166, 0.44744083285331726, 0.4182226061820984, 0.43476852774620056, 0.37517955899238586, 0.4056454598903656, 0.34591805934906006, 0.3263307511806488, 0.35327595472335815, 0.30952614545822144, 0.3821572959423065, 0.3061043918132782, 0.31225332617759705, 0.3279750347137451, 0.28965210914611816, 0.2957805097103119, 0.22756776213645935, 0.2932808995246887, 0.23527154326438904, 0.27550944685935974, 0.2556534707546234, 0.2680009603500366, 0.24843789637088776, 0.2207830846309662, 0.24012359976768494, 0.2268112599849701, 0.2569628059864044, 0.23530958592891693, 0.19877243041992188, 0.2380274385213852, 0.22144806385040283, 0.21372373402118683, 0.20959089696407318, 0.20951054990291595, 0.1704099029302597, 0.19552648067474365, 0.22424966096878052, 0.19665007293224335, 0.15155385434627533, 0.21547405421733856, 0.20843780040740967, 0.20295175909996033, 0.19231289625167847, 0.16868993639945984, 0.18679393827915192, 0.19020119309425354, 0.16868700087070465, 0.1573985368013382, 0.18959876894950867, 0.1914510875940323, 0.12622208893299103, 0.18441316485404968, 0.18518072366714478, 0.202409565448761, 0.12749649584293365, 0.17829471826553345, 0.1613277643918991, 0.16192497313022614, 0.16400405764579773, 0.16991043090820312, 0.14892268180847168, 0.16453321278095245, 0.10982184112071991, 0.13027428090572357, 0.1655903309583664, 0.09072095155715942, 0.15110766887664795, 0.16879674792289734, 0.1497812420129776, 0.1142934262752533, 0.14098632335662842, 0.16606536507606506, 0.1681288480758667, 0.11957494914531708, 0.1434836983680725], "accuracy": [0.016249999403953552, 0.05000000074505806, 0.11249999701976776, 0.17687499523162842, 0.2329113930463791, 0.34375, 0.40437498688697815, 0.46437498927116394, 0.5418750047683716, 0.5649999976158142, 0.6237499713897705, 0.6543750166893005, 0.6618750095367432, 0.6831250190734863, 0.7350000143051147, 0.7506250143051147, 0.7756249904632568, 0.7712500095367432, 0.8056250214576721, 0.7918750047683716, 0.8149999976158142, 0.8262500166893005, 0.8431249856948853, 0.828125, 0.8462499976158142, 0.8550000190734863, 0.8556249737739563, 0.8606250286102295, 0.8568750023841858, 0.8824999928474426, 0.8756250143051147, 0.8943750262260437, 0.8843749761581421, 0.8854430317878723, 0.9049999713897705, 0.8898734450340271, 0.8999999761581421, 0.903124988079071, 0.903124988079071, 0.9118750095367432, 0.909375011920929, 0.925000011920929, 0.9118750095367432, 0.9237499833106995, 0.9143750071525574, 0.9162499904632568, 0.9200000166893005, 0.9193750023841858, 0.9293749928474426, 0.9275000095367432, 0.925000011920929, 0.9231250286102295, 0.9256250262260437, 0.9293749928474426, 0.9287499785423279, 0.9393749833106995, 0.9331250190734863, 0.9368749856948853, 0.9387500286102295, 0.9493749737739563, 0.9399999976158142, 0.9350000023841858, 0.9437500238418579, 0.9506250023841858, 0.9412500262260437, 0.9399999976158142, 0.9393749833106995, 0.940625011920929, 0.9524999856948853, 0.9468749761581421, 0.9449999928474426, 0.9456250071525574, 0.9493749737739563, 0.9462500214576721, 0.9418749809265137, 0.9631249904632568, 0.949999988079071, 0.9481250047683716, 0.9443749785423279, 0.9599999785423279, 0.949999988079071, 0.9543750286102295, 0.9449999928474426, 0.9493749737739563, 0.9474999904632568, 0.9599999785423279, 0.9556249976158142, 0.965624988079071, 0.9606249928474426, 0.953125, 0.9743750095367432, 0.956250011920929, 0.956250011920929, 0.9581249952316284, 0.9668750166893005, 0.9581249952316284, 0.9574999809265137, 0.9556249976158142, 0.9599999785423279, 0.9612500071525574], "val_loss": [4.737682342529297, 4.071218967437744, 3.424886465072632, 2.9586386680603027, 2.7246782779693604, 2.079413890838623, 2.0540289878845215, 1.7760909795761108, 1.389732837677002, 1.104568600654602, 1.0834627151489258, 1.0900185108184814, 1.1763787269592285, 0.8006792664527893, 1.008874535560608, 0.9061648845672607, 0.5910158753395081, 0.6161481738090515, 0.9165878891944885, 0.49242112040519714, 0.5992298722267151, 0.8469037413597107, 0.6388705372810364, 0.46831825375556946, 0.6085220575332642, 0.6991965770721436, 0.5296591520309448, 0.6633543968200684, 0.8608278036117554, 0.3879885971546173, 0.39753231406211853, 0.3539368510246277, 0.38780540227890015, 0.41400933265686035, 0.4251351058483124, 0.512024998664856, 0.8803802728652954, 0.4384591281414032, 0.376502126455307, 0.4556850790977478, 0.4203603267669678, 0.35560116171836853, 0.4084894061088562, 0.4283694326877594, 0.3775184154510498, 0.4043012857437134, 0.4786158502101898, 0.2586633563041687, 0.4460844397544861, 0.3693471848964691, 0.435518354177475, 0.3142453134059906, 0.36328792572021484, 0.3596237599849701, 0.3027934432029724, 0.5443416833877563, 0.3616150915622711, 0.369176983833313, 0.4185889959335327, 0.28396308422088623, 0.249702587723732, 0.3248039186000824, 0.3231434226036072, 0.5487771034240723, 0.38298705220222473, 0.30105647444725037, 0.2924109399318695, 0.4723482131958008, 0.39293110370635986, 0.36745885014533997, 0.21528030931949615, 0.3891254663467407, 0.5192188620567322, 0.29024556279182434, 0.20988214015960693, 0.4498097598552704, 0.2766645550727844, 0.2232937067747116, 0.2940751612186432, 0.4637368321418762, 0.21198469400405884, 0.13478903472423553, 0.2588624358177185, 0.15533258020877838, 0.22622306644916534, 0.2576974928379059, 0.3042038083076477, 0.1913880556821823, 0.44535213708877563, 0.39605712890625, 0.29518595337867737, 0.3335966467857361, 0.19680148363113403, 0.3911905288696289, 0.2688574492931366, 0.2376866191625595, 0.27567657828330994, 0.5810894966125488, 0.321930468082428, 0.20069101452827454], "val_accuracy": [0.021250000223517418, 0.057500001043081284, 0.1262499988079071, 0.2475000023841858, 0.26625001430511475, 0.42500001192092896, 0.4399999976158142, 0.5299999713897705, 0.6012499928474426, 0.7112500071525574, 0.7024999856948853, 0.6987500190734863, 0.65625, 0.7799999713897705, 0.7112500071525574, 0.7137500047683716, 0.8262500166893005, 0.7950000166893005, 0.71875, 0.8587499856948853, 0.8224999904632568, 0.75, 0.7975000143051147, 0.8600000143051147, 0.8162500262260437, 0.7850000262260437, 0.8349999785423279, 0.8112499713897705, 0.7450000047683716, 0.8899999856948853, 0.8712499737739563, 0.8987500071525574, 0.8787500262260437, 0.8637499809265137, 0.8762500286102295, 0.84375, 0.7412499785423279, 0.8662499785423279, 0.875, 0.8650000095367432, 0.887499988079071, 0.8912500143051147, 0.8762500286102295, 0.8837500214576721, 0.8949999809265137, 0.8799999952316284, 0.8725000023841858, 0.925000011920929, 0.8650000095367432, 0.8837500214576721, 0.8887500166893005, 0.8999999761581421, 0.9024999737739563, 0.8999999761581421, 0.9100000262260437, 0.8487499952316284, 0.8974999785423279, 0.9037500023841858, 0.8862500190734863, 0.9399999976158142, 0.9150000214576721, 0.925000011920929, 0.90625, 0.8650000095367432, 0.9100000262260437, 0.9112499952316284, 0.9237499833106995, 0.8787500262260437, 0.9175000190734863, 0.9237499833106995, 0.9387500286102295, 0.90625, 0.8737499713897705, 0.90625, 0.9387500286102295, 0.8837500214576721, 0.9337499737739563, 0.9462500214576721, 0.9387500286102295, 0.8999999761581421, 0.9437500238418579, 0.9637500047683716, 0.9399999976158142, 0.9537500143051147, 0.9412500262260437, 0.9537500143051147, 0.918749988079071, 0.956250011920929, 0.8962500095367432, 0.8924999833106995, 0.9362499713897705, 0.9287499785423279, 0.9587500095367432, 0.9200000166893005, 0.9474999904632568, 0.9337499737739563, 0.9449999928474426, 0.8712499737739563, 0.9387500286102295, 0.9437500238418579]}